artifact_role,metric_id,relative_path,issue_date,exists
homepage,,index.html,2026-10-07,TRUE
indicator_detail,ae4h_all,ae-four-hour-outlook-latest.html,2026-10-07,TRUE
indicator_detail,ambulance_cat2,ambulance-category-2-outlook-latest.html,2026-10-07,TRUE
indicator_detail,rtt_18w,rtt-18-week-outlook-latest.html,2026-10-07,TRUE
indicator_detail,diagnostics_6w,diagnostics-six-week-outlook-latest.html,2026-10-07,TRUE
indicator_detail,cancer_62d,cancer-62-day-outlook-latest.html,2026-10-07,TRUE
indicator_detail,ucr_2h,urgent-community-response-outlook-latest.html,2026-10-07,TRUE
indicator_detail,community_18w,community-18-week-outlook-latest.html,2026-10-07,TRUE
indicator_detail,talking_therapies_6w,talking-therapies-six-week-outlook-latest.html,2026-10-07,TRUE
pdf,,forecasts/2026-10-07/ae-four-hour-outlook-forecast-2026-10-07.pdf,2026-10-07,TRUE
pdf,,forecasts/2026-10-07/ambulance-category-2-outlook-forecast-2026-10-07.pdf,2026-10-07,TRUE
pdf,,forecasts/2026-10-07/cancer-62-day-outlook-forecast-2026-10-07.pdf,2026-10-07,TRUE
pdf,,forecasts/2026-10-07/community-18-week-outlook-forecast-2026-10-07.pdf,2026-10-07,TRUE
pdf,,forecasts/2026-10-07/diagnostics-six-week-outlook-forecast-2026-10-07.pdf,2026-10-07,TRUE
pdf,,forecasts/2026-10-07/nhs-performance-outlook-forecast-2026-10-07.pdf,2026-10-07,TRUE
pdf,,forecasts/2026-10-07/rtt-18-week-outlook-forecast-2026-10-07.pdf,2026-10-07,TRUE
pdf,,forecasts/2026-10-07/talking-therapies-six-week-outlook-forecast-2026-10-07.pdf,2026-10-07,TRUE
pdf,,forecasts/2026-10-07/urgent-community-response-outlook-forecast-2026-10-07.pdf,2026-10-07,TRUE
