metric_id,target_order,target_month,target_value,target_label,target_scope,source_note,target_source_url
rtt_18w,1,2027-03-01,0.70,70% by March 2027,England,Medium Term Planning Framework national target,https://www.england.nhs.uk/wp-content/uploads/2025/10/medium-term-planning-framework-delivering-change-together-2026-27-to-2028-29.pdf
rtt_18w,2,2029-03-01,0.92,92% by March 2029,England,Medium Term Planning Framework final target,https://www.england.nhs.uk/wp-content/uploads/2025/10/medium-term-planning-framework-delivering-change-together-2026-27-to-2028-29.pdf
diagnostics_6w,1,2027-03-01,0.14,14% or less by March 2027,England,Medium Term Planning Framework national target,https://www.england.nhs.uk/wp-content/uploads/2025/10/medium-term-planning-framework-delivering-change-together-2026-27-to-2028-29.pdf
diagnostics_6w,2,2029-03-01,0.01,1% or less by March 2029,England,Medium Term Planning Framework final target,https://www.england.nhs.uk/wp-content/uploads/2025/10/medium-term-planning-framework-delivering-change-together-2026-27-to-2028-29.pdf
cancer_62d,1,2027-03-01,0.80,80% by March 2027,England and trusts,Medium Term Planning Framework interim target,https://www.england.nhs.uk/wp-content/uploads/2025/10/medium-term-planning-framework-delivering-change-together-2026-27-to-2028-29.pdf
cancer_62d,2,2029-03-01,0.85,85% by March 2029,England,Medium Term Planning Framework final target,https://www.england.nhs.uk/wp-content/uploads/2025/10/medium-term-planning-framework-delivering-change-together-2026-27-to-2028-29.pdf
ambulance_cat2,1,2027-03-01,25,25 minutes during 2026/27,England,Medium Term Planning Framework interim target,https://www.england.nhs.uk/wp-content/uploads/2025/10/medium-term-planning-framework-delivering-change-together-2026-27-to-2028-29.pdf
ambulance_cat2,2,2029-03-01,18,18 minutes by March 2029,England,Medium Term Planning Framework final target,https://www.england.nhs.uk/wp-content/uploads/2025/10/medium-term-planning-framework-delivering-change-together-2026-27-to-2028-29.pdf
ucr_2h,1,2027-03-01,0.70,70% national standard,England,Two-hour urgent community response standard,https://www.england.nhs.uk/publication/community-health-services-two-hour-urgent-community-response-standard-guidance/
ucr_2h,2,2029-03-01,0.70,70% national standard,England,Two-hour urgent community response standard,https://www.england.nhs.uk/publication/community-health-services-two-hour-urgent-community-response-standard-guidance/
community_18w,1,2027-03-01,0.78,78% by March 2027,England,Medium Term Planning Framework interim target,https://www.england.nhs.uk/wp-content/uploads/2025/10/medium-term-planning-framework-delivering-change-together-2026-27-to-2028-29.pdf
community_18w,2,2029-03-01,0.80,80% by March 2029,England,Medium Term Planning Framework final target,https://www.england.nhs.uk/wp-content/uploads/2025/10/medium-term-planning-framework-delivering-change-together-2026-27-to-2028-29.pdf
talking_therapies_6w,1,2027-03-01,0.75,75% national standard,England,NHS Talking Therapies waiting-time standard,https://digital.nhs.uk/data-and-information/publications/statistical/psychological-therapies-report-on-the-use-of-iapt-services/september-2022-final-including-a-report-on-the-iapt-employment-advisers-pilot/waiting-times
talking_therapies_6w,2,2029-03-01,0.75,75% national standard,England,NHS Talking Therapies waiting-time standard,https://digital.nhs.uk/data-and-information/publications/statistical/psychological-therapies-report-on-the-use-of-iapt-services/september-2022-final-including-a-report-on-the-iapt-employment-advisers-pilot/waiting-times
