metric_id,dataset_role,index_url,page_link_pattern,child_page_link_pattern,file_link_pattern,selection_mode,format_order,start_month,required,strict_coverage,notes
rtt_18w,national_time_series,https://www.england.nhs.uk/statistics/statistical-work-areas/rtt-waiting-times/,"(?i)Consultant-led Referral to Treatment Waiting Times Data 20[0-9]{2}-[0-9]{2}","","(?i)^RTT Overview Timeseries Including Estimates for Missing Trusts",latest_time_series,"xlsx,xls",2007-08-01,TRUE,TRUE,Official England series including estimates for missing acute trusts
rtt_18w,provider_monthly,https://www.england.nhs.uk/statistics/statistical-work-areas/rtt-waiting-times/,"(?i)Consultant-led Referral to Treatment Waiting Times Data 20[0-9]{2}-[0-9]{2}","","(?i)^Full CSV data file",monthly,"zip",2023-04-01,TRUE,TRUE,Full extract filtered to Part_2 incomplete pathways and total treatment function
diagnostics_6w,national_time_series,https://www.england.nhs.uk/statistics/statistical-work-areas/diagnostics-waiting-times-and-activity/monthly-diagnostics-waiting-times-and-activity/,"(?i)^Monthly Diagnostics Data 20[0-9]{2}-[0-9]{2}$","","(?i)^Monthly Diagnostics.*Time series",latest_time_series,"xls,xlsx",2006-01-01,TRUE,TRUE,England total waiting-list and 6+ week time series
diagnostics_6w,provider_monthly,https://www.england.nhs.uk/statistics/statistical-work-areas/diagnostics-waiting-times-and-activity/monthly-diagnostics-waiting-times-and-activity/,"(?i)^Monthly Diagnostics Data 20[0-9]{2}-[0-9]{2}$","","(?i)^Monthly Diagnostics(?!.*CDC).*Provider",monthly,"xls,xlsx",2023-04-01,TRUE,TRUE,Provider workbook headline totals; CDC-specific companion files excluded
cancer_62d,national_time_series,https://www.england.nhs.uk/statistics/statistical-work-areas/cancer-waiting-times/,"","","(?i)^CWT CRS.*National Time Series.*with Revisions$",latest_time_series,"xlsx",2022-04-01,TRUE,TRUE,Provider-based national current-standard 62-day combined monthly time series
cancer_62d,combined_monthly,https://www.england.nhs.uk/statistics/statistical-work-areas/cancer-waiting-times/monthly-data-and-summaries/,"(?i)^20[0-9]{2}-[0-9]{2} Monthly Cancer Waiting Times Statistics$","(?i)^Cancer Waiting Times for .*[(]Final[)]$","(?i)(Monthly Combined CSV|^7[.] *62-Day Combined.*All Cancers [(]Provider Data[)]$)",monthly,"csv",2023-10-01,TRUE,TRUE,Final standard-specific provider CSVs through August 2025 and combined provider CSVs thereafter; filtered to the all-cancer 62-day headline row
ambulance_cat2,combined_time_series,https://www.england.nhs.uk/statistics/statistical-work-areas/ambulance-quality-indicators/,"","","(?i)^AmbSYS .* to .*",latest_time_series,"csv",2018-08-01,TRUE,TRUE,AmbSYS time series; Category 2 mean is A31 in seconds
ucr_2h,combined_monthly,https://www.england.nhs.uk/statistics/statistical-work-areas/2-hour-urgent-community-response/,"","","(?i)(2[- ]hour[ -])?urgent community response performance metrics",period_time_series,"xlsx,xls,csv",2022-04-01,FALSE,FALSE,Optional period-workbook contract for national and sub-national UCR data; internally dated monthly rows are combined at import
community_18w,combined_monthly,https://www.england.nhs.uk/statistics/statistical-work-areas/community-health-services-waiting-lists/,"","","(?i).",period_time_series,"xlsx,xls,csv",2022-10-01,FALSE,FALSE,Dedicated publication page contract retains its spreadsheet and CSV period files; internally dated monthly rows are schema-checked at import
talking_therapies_6w,current_waiting_chart,https://digital.nhs.uk/data-and-information/publications/statistical/nhs-talking-therapies-monthly-statistics-including-employment-advisors,"(?i)(January|February|March|April|May|June|July|August|September|October|November|December) 20[0-9]{2}","(?i)^Waiting Times$","(?i)(Download the data for this chart|Figure 3)",monthly,"xlsx,xls,csv",2023-05-01,FALSE,FALSE,Small official chart-data workbooks avoid downloading patient-level monthly extracts; NHS Digital dataFile links have no filename extension
talking_therapies_6w,historic_waiting_chart,https://digital.nhs.uk/data-and-information/publications/statistical/psychological-therapies-report-on-the-use-of-iapt-services,"(?i)(January|February|March|April|May|June|July|August|September|October|November|December) 20[0-9]{2}","(?i)^Waiting Times$","(?i)(Download the data for this chart|Figure 3)",monthly,"xlsx,xls,csv",2015-01-01,FALSE,FALSE,Historic IAPT chart-data workbooks are combined with the renamed Talking Therapies series
