inventory_id,file_name_or_page,location,format,coverage,grain,relevant_sheets_or_columns,status,suitable_for_primary_outcome,default_role,data_quality_or_provenance_issue
official_01,England Monthly A&E Time Series,NHS England A&E index,XLS,November 2010 to latest published month,national-month,"Performance: Period; all-types within 4h; all-types over 4h; published all-types percentage; retained Type 1 diagnostics",required,yes,national-primary,"Pre-June-2015 months are estimates apportioned from weekly data; May-2019 to May-2023 excludes 14 CRS trusts"
official_02,Monthly A&E financial-year publication pages,NHS England A&E index and 12 discovered year pages,HTML,June 2015 to latest published month,publication-link,"Monthly A&E workbook and CSV anchors; revision text; page URL",required,yes,source-discovery,"Pages expose current links rather than a guaranteed complete revision history; hashes preserve what was downloaded"
official_03,Monthly A&E provider workbooks,NHS England financial-year pages,XLS/XLSX,June 2015 to latest published month,source-provider-month,"Provider Level Data or A&E Data; total attendance; total within 4h where available; total over 4h; retained Type 1 fields",required,yes,provider-primary,"Sheet and group layout changed; importer resolves validated group labels and fails on ambiguity"
official_04,Monthly A&E provider CSV files,NHS England financial-year pages,CSV,April 2018 onward with one observed missing alternative link,source-provider-month,"Org Code; Org name; regular/booked Type 1, Type 2 and other-department attendance and over-4h fields",discovered-validation,conditional,validation-only,"Some CRS non-submissions are encoded as zero; not selected by default because this can imply false 100% performance"
official_05,Acute Trust Footprint Data and mapping,Sheets within many monthly workbooks,XLS/XLSX,Observed in workbooks from at least April 2017,acute-trust-footprint-month,"Acute Trust Footprint Data; Acute Trust Mapping",future-support,conditional,not-imported-stage1,"Different estimand from source-provider rows; bridge and April-2026 reporting change require separate review"
official_06,System Mapping File,NHS England current-year A&E page,XLS,publication-current,provider-to-system,"organisation and system mapping",future-support,no,context-only,"Not a substitute for effective-dated trust succession mapping"
official_07,Type 3 Trust Attribution File,NHS England current-year A&E page,XLS,publication-current,Type-3-to-trust,"Type 3 attribution fields",optional,no,all-department-sensitivity,"Principal outcome is Type 1; not needed for stage-one source-provider panel"
official_08,Impact of CRS on national A&E timeseries,NHS England A&E index,PDF,May 2019 to May 2023 field-test period,methodology,"14 field-test trusts; exclusion dates; effect estimates",required-context,no,comparability-metadata,"Four-hour performance was not collected for field-test trusts during the trial"
official_09,Archived weekly A&E provider files,NHS England weekly pages,XLS,November 2010 to June 2015,provider-week,"weekly provider activity/performance",optional-extension,conditional,disabled,"Calendar-month reconstruction would require apportioning weeks and would create estimated rather than actual provider months"
official_10,Archived quarterly A&E data,NHS England archive,HTML/XLS,2001-02 to Q2 2011-12,provider-quarter,"quarterly A&E tables",context,no,not-used,"Frequency is unsuitable for the principal monthly outcome and definitions may differ"
official_11,A&E annual report/tables,NHS England/NHS Digital annual publication,HTML/XLS/CSV/PDF,financial years,annual national/provider,"annual activity and HES breakdowns",context,no,annual-reconciliation,"HES patient-level-derived annual statistics are not interchangeable with monthly Sitrep"
support_01,NHS ODS organisation and succession data,NHS England/NHS Digital ODS,versioned snapshots,trust validity intervals,organisation-code-period,"code; name; start/end; successor/predecessor",required-later,no,identity-evidence,"Legal succession does not prove an equivalent Type 1 service footprint; manual review remains required"
official_12,RTT overview and full monthly extracts,NHS England RTT pages,XLSX/ZIP CSV,August 2007 nationally and April 2023 for provider model,England-month and provider-month,"Incomplete Part_2; weekly bands; Total All",required,yes,core-rtt,"National overview includes estimates for missing trusts; provider rows do not silently impute"
official_13,Monthly Diagnostics DM01 time series and provider files,NHS England diagnostics pages,XLS,January 2006 nationally and April 2023 for provider model,England-month and provider-month,"Total Waiting List; Number waiting 6+ Weeks",required,yes,core-diagnostics,"Provider population includes non-trust submitters; headline panel filters to NHS trusts"
official_14,Cancer Waiting Times national time series and monthly provider files,NHS England cancer waiting times pages,XLSX/CSV,April 2022 nationally and October 2023 for provider model,England-month and provider-month,"National combined 62-day block; provider 62D; ALL CANCERS; ALL ROUTES; ALL MODALITIES; Total; Within; After",required,yes,core-cancer,"The national workbook carries revisions; overlap rates are reconciled to monthly files and archived hashes preserve each model-input vintage"
official_15,AmbSYS time series CSV,NHS England Ambulance Quality Indicators page,CSV,August 2018 onward,England-month and ambulance-service-month,"A31 Category 2 mean response time in seconds",required,yes,core-ambulance,"Collection specification has changed; time-series file carries revisions and source footnotes"
local_01,eb10_national_timeseries.csv,Original available files,CSV,2012-13 onward in inspected rows,national-financial-year,"year; activity; costs; providers",inspected,no,excluded,"Unrelated annual cost/activity derivative; filename search was misleading"
local_02,ae_attendances_and_workforce_annual_2011_12_to_2025_26.csv,Original available files,CSV,2011-12 to 2025-26,national-financial-year,"Type 1 attendances; all attendances; workforce fields",inspected,no,context-only,"Derived annual values and no four-hour numerator/breach count"
local_03,ae_attendances_emergency_medicine_workforce_2011_12_to_2025_26.csv,Original available files,CSV,2011-12 to 2025-26,national-financial-year,"attendance and workforce fields",inspected,no,context-only,"Derived duplicate/variant; no primary outcome"
local_04,ae_workforce_attendance_trends_flourish.csv,Original available files,CSV,2011-12 to 2025-26,national-financial-year-series,"financial_year; series; value; unit",inspected,no,excluded,"Chart-ready derivative only"
