decision_id,status,topic,implemented_or_proposed_choice,alternatives,reason,evidence_or_review_needed
D001,implemented_stage1,national_start_month,Use November 2010: earliest Type 1 performance month in official England workbook,Start June 2015 actual monthly collection only,Maximises seasonal/trend history while flagging pre-June-2015 estimates,Sensitivity analysis must compare all-history and actual-monthly-only training windows
D002,implemented_stage1,provider_start_month,Use June 2015: first genuine monthly provider return,Apportion weekly provider files from November 2010,Provides 133 actual months without inventing monthly trust counts,Optional weekly reconstruction requires a separate approved method and estimated-series label
D003,implemented_stage1,source_acquisition,Scrape official index then discovered financial-year pages on every run,Manually load monthly files,Removes manual URL maintenance and detects newly published months,Monitor NHS page-layout changes; scraper fails on missing/ambiguous coverage
D004,implemented_stage1,provider_file_representation,Select XLS/XLSX workbooks; inventory CSV alternatives,Prefer smaller CSV,Workbooks preserve CRS non-submission dashes while some CSVs encode zero,Validate all schema eras at first R execution
D005,implemented_stage1,outcome_mapping,Use direct within and over counts where published; otherwise derive within as attendance minus over and validate identities,Model published percentage alone,Preserves numerator/denominator and supports explicit missingness,Review any direct-versus-derived mismatches before modelling
D006,pending,trust_identity,Effective-dated approved analysis IDs; source code is only a temporary unharmonised ID,Always back-cast successor or never aggregate,Prevents silent merger/code-change assumptions,ODS succession plus Type 1 service-footprint evidence and named reviewer
D007,pending,april_2026_break,Keep source-provider panel separate from acute-trust-footprint estimand,Splice Acute Provider Table series or exclude post-break,Published Acute Provider Table basis changed,Reconcile component providers and approve a bridge before footprint modelling
D008,implemented_stage2,crs_national_treatment,Retain CRS/pandemic months in source and benchmark evaluation but exclude them from the shared-season current-trend fit,Ignore break or drop the rows from every analysis,Prevents the disrupted period determining the current trend while preserving evidence and honest benchmark tests,Review June-2023 current-era start before publication
D009,pending,booked_appointments_change,Include a definition-era flag from August 2020,Ignore change or truncate series,NHS workbook notes booked appointments are included from August 2020,Inspect whether intervention materially improves out-of-sample forecasts
D010,proposed_default_stage2,materiality_threshold,Use 1 percentage point with a two-thirds same-direction rule for persistent windows,Choose threshold from observed rankings,Separates practical from statistical unusualness without determining the threshold from results,Stakeholder approval and sensitivity at 0.5 and 2 percentage points
D011,implemented_stage2,minimum_training_window,Start rolling origins after 72 months and compare 36 60 and 84-month model windows,Fixed 24-month minimum,Six full cycles support seasonal estimation while alternative windows expose regime sensitivity,Review rolling comparison outputs after each refresh
D012,implemented_stage2,reference_projection,Equal-weight ensemble of seasonal naive damped recent drift and shared-season current trend,Select one model by recent RMSE or fit one long trend,Retains distinct persistence and trend views and makes model disagreement visible,Review all component paths before external use
D013,implemented_stage2,rolling_evaluation,Expanding monthly origins with forecasts to 31 months and primary scoring at 1 3 6 and 12 months from June 2025,One fixed holdout or in-sample fit statistics,Matches the final horizon and preserves repeated out-of-sample tests,Historical data vintages are not reconstructed
D014,implemented_stage2,forecast_intervals,Empirical current-era rolling residual intervals pooled by horizon band,GLM coefficient intervals or binomial sampling intervals,Includes observed model error and serial disruption rather than producing implausibly narrow count-based intervals,Long-horizon calibration remains less direct
D015,implemented_stage2,persistent_deviations,Report separate one three and six-month statistical and practical flags,Rank raw residuals alone,Distinguishes one-off noise from sustained material differences,Do not interpret flags automatically as management quality or productivity
D016,implemented_stage3,genuine_release_forecasts,Archive each national and provider one-month forecast before the next release and score it when actual data arrive,Rely only on rolling backtests,Creates an economist-style contemporaneous forecast record distinct from pseudo-real-time validation,Protect archives during refreshes and version deliberate model changes
D017,proposed_default_stage3,provider_reference_model,Use a common equal-weight ensemble of seasonal persistence damped drift and recent count trend,Select a different model for each provider or use one pooled trend,Reduces provider-specific model-selection noise while retaining different trajectory assumptions,Review pooled and provider-specific one-step accuracy after the first full R run
D018,proposed_default_stage3,provider_persistence_rule,Flag six consecutive months when the mean gap is at least 2 percentage points and five of six residuals share a sign,Flag any statistically unusual month or use the national 1 point threshold,Filters one-off sprint effects while keeping practical and statistical tests separate,Sensitivity at 1 2 and 3 percentage points and stakeholder review
D019,implemented_stage3,provider_long_range_uncertainty,Publish empirical intervals for one-month provider forecasts and label longer paths exploratory point projections,Scale one-step errors mechanically to 31 months,Avoids unsupported precision where provider multi-horizon validation has not been run,Add multi-horizon provider validation before publishing long-range provider intervals
D020,implemented_stage4,headline_metric,Use all-types A&E four-hour performance nationally and for the acute-provider cohort,Continue modelling Type 1 while comparing it with all-types targets,Aligns the modelled outcome with the 78 82 and 85 percent planning milestones,Retain Type 1 fields as diagnostics and re-run every model comparison on all-types
D021,implemented_stage4,provider_monthly_signal,Accumulate six one-release-ahead forecast surprises with genuine archived vintages replacing backtests and require the latest surprise to agree,Repeatedly reset a fresh six-month path or review only a fixed path issued six months ago,Combines a stable contemporaneous benchmark with monthly updating and labels easing signals,Retain the fixed six-month-old path as supporting context and show forecast-vintage evidence
D022,implemented_stage5,cross_metric_headlines,Use RTT within 18 weeks diagnostics over six weeks cancer 62-day all routes and Category 2 mean minutes,Invert every measure to higher-is-better or mix differently defined variants,Matches official headline definitions and keeps lower-is-better targets legible,Review only when NHS England changes a collection or planning definition
D023,implemented_stage5,common_forecast_method,Use a fixed ensemble of seasonal persistence damped annual drift and damped recent seasonal trend,Select a bespoke model winner for every short provider series,Supports comparable monthly release forecasts while limiting provider-specific selection noise,Review rolling errors and component disagreement on every refresh
D024,implemented_stage5,direction_aware_signals,Translate actual-minus-forecast errors into favourable and adverse direction using metric polarity,Label all positive errors as good,Prevents slower ambulance times or more diagnostic waits being mislabelled as improvement,Retain raw signed error beside direction-adjusted gap
D025,implemented_stage5,metric_materiality,Use 2pp RTT 2pp diagnostics 3pp cancer and 3 minutes Category 2 with five-of-six direction,Apply the A&E 2pp threshold unchanged,Uses reviewable thresholds in each metric's native unit rather than false equivalence,Sensitivity analysis and stakeholder approval before external publication
D026,implemented_stage5,download_log_types,Normalize persisted and newly downloaded audit-log fields to stable primitive types before appending,Disable data.table attribute checks,Prevents prior CSV type inference from conflicting with fresh IDate timestamp or hash classes while keeping the modelling manifest typed,Retain the strict rbind check and rerun both download stages against an existing log
D027,implemented_stage5,download_resume,Reuse a completed download manifest only when it exactly matches the current discovery-run IDs URLs and timestamp and every local file remains present,Always download again after an append-only log failure,Avoids repeating more than one hundred downloads during same-run recovery while a new discovery run still rechecks upstream revisions,Delete the downloaded manifest to force a same-run redownload if investigating source replacement
D028,implemented_stage5,publication_page_matching,Test configured page patterns independently against the visible link title and source URL,Test the pattern against a concatenated title-plus-URL string,Preserves useful anchored title contracts and prevents the appended URL from making exact matches impossible,Live-check all configured index and file-link patterns when NHS England changes page structure
D029,implemented_stage5,cancer_archive_eras,Crawl configured final monthly child pages and import standard-specific provider file 7 before the direct combined-CSV era,Relax the configured start date to September 2025 or splice a different national-only series,Preserves continuous national and provider coverage from October 2023 while using final publications and an explicit schema contract,Recheck the transition month and revise only if NHS England changes its archive hierarchy or CSV headings
D030,implemented_stage5,diagnostics_time_series_dates,Parse diagnostics time-series month headings as dates including Excel serial values and require a unique consecutive monthly sequence,Require ISO-formatted text headings beginning with a four-digit year,Matches the official workbook representation while preserving strict detection of duplicate or missing months,Recheck the workbook contract if NHS England changes sheet names row labels or the monthly orientation
D031,implemented_stage5,diagnostics_provider_header,Extract provider fields directly from the matrix row in which the labelled header was found and exclude CDC companion workbooks during discovery,Reopen the workbook using a skip value derived from the trimmed matrix row number,Prevents readxl blank-row trimming from shifting the header while keeping the standard provider series distinct from CDC management information,Test the earliest and latest selected provider workbooks whenever the layout or publication labels change
D032,implemented_stage5,incremental_core_redownload,Allow existing immutable core files to be reused only through an explicit one-use recovery option after a same-session discovery-rule correction,Automatically reuse matching URLs after every changed discovery run,Avoids repeating more than one hundred downloads during controlled recovery while normal monthly refreshes still redownload selected URLs to detect upstream replacements,Use only when the prior downloads and the reason for the changed manifest have been reviewed in the current refresh
D033,implemented_stage5,mixed_core_manifest_types,Normalize every reused and freshly downloaded core manifest row to explicit date logical integer numeric and plain-character fields before binding,Disable data.table attribute checks or rely on implicit coercion,Removes harmless OpenSSL hash attributes without masking genuine schema differences in the manifest,Exercise the recovery path with a mixture of cached and fresh rows whenever download metadata changes
D034,implemented_stage5,cancer_repeated_headers,Use the first labelled cancer table only after verifying it is Part A all routes and stop before the repeated Part B header,Require exactly one labelled header across a multi-section official CSV,Matches the documented internal layout while preventing route-specific subtables or repeated headings from entering the headline extract,Recheck the Part labels and repeated-header boundary when the standard-specific CSV layout changes
D035,implemented_stage5,short_interval_calibration,Use empirical residual quantiles at the configured sample threshold and a labelled Student-t predictive interval with 8 to 11 residuals,Lower the empirical threshold or suppress uncertainty intervals for short series,Avoids treating sparse empirical tail estimates as precise while retaining a deliberately wider release range for an otherwise usable forecast,Review calibration coverage and genuine release errors after each monthly refresh
D036,implemented_stage5,insufficient_provider_history,Exclude an individual core indicator below eight usable pooled provider residuals and continue the remaining release,Stop the entire bulletin or publish an uncalibrated provider-informed interval,Keeps the monthly product operational without concealing that an indicator lacks defensible provider evidence; the separate national-history contract remains fatal,Name excluded indicators on the bulletin and review output/core/model_status.csv
D037,implemented_stage5,cancer_national_history,Use the official revised provider-based national combined 62-day series from April 2022 and reconcile its overlap to monthly provider publications,Build England history only from the provider CSV era or splice earlier unlike cancer standards,Provides 52 comparable national months and a full 24-origin backtest without treating pre-redesign standards as the same measure,Recheck the national block labels and reconciliation when Cancer Waiting Times guidance changes
D038,implemented_stage6,headline_history_contract,Require each published headline national series to contain its configured training window plus the full rolling backtest and explicitly omit an optional indicator when it does not,Stop the whole bulletin or use a small-sample interval for an under-supported national series,Keeps the established indicators operational while making omission and its reason visible; no short series is presented as a mature forecast,Review output/qa/core_national_history.csv and output/core/model_status.csv before every publication
D039,implemented_stage5,footnoted_month_labels,Strip only leading official footnote markers before parsing workbook month cells,Treat marked months as missing or remove arbitrary non-date text,Retains the valid February 2024 RTT observation and prevents a false break in an otherwise consecutive 228-month series,Recheck marked date labels when official workbook footnotes change
D040,implemented_stage6,publication_format,Publish one A4 portrait cross-metric page plus a two-page portrait deep dive for each eligible metric,Use a wide dashboard or put every chart on the overview,Keeps the overview comparable to a consensus-economics release while preserving national and provider detail in optional downloads,Print every HTML file to PDF and visually inspect page count before release
D041,implemented_stage6,forecast_and_outturn_editions,Keep Actual blank in the pre-release edition and build a separate outturn edition from forecasts archived before publication,Overwrite the forecast column with a model rerun after release,Preserves a genuine public forecast record and supports a short factual Thursday update,Do not delete archive or scorecard CSVs between refreshes
D042,implemented_stage6,provider_level_and_trajectory,Show latest provider performance as a distribution and sustained movement as a separate archived-forecast screen,Rank all providers by latest level or label improving providers as high performers,Prevents a low-performing but improving provider from being presented as a high performer and vice versa,Use trajectory signals as review prompts rather than league tables
D043,implemented_stage6,community_and_mental_health_scope,Add two-hour urgent community response community waits within 18 weeks and Talking Therapies within six weeks as optional validated headline series,Force short or schema-uncertain series into every edition,Extends the outlook beyond acute care while preserving the common history and backtest standard,Review source contracts and model-status omissions after each upstream publication change
D044,implemented_stage6,conditional_provider_pages,Keep the national outlook on page 1 and add a separate provider distribution and trajectory page only where provider history supports it,Combine national and provider content or print an empty provider page,Separates absolute performance from movement against trajectory without overstating provider evidence,Check model_status before publication and explain every withheld provider page
D045,implemented_stage7,community_mental_health_imports,Use explicit wide-table readers for UCR Table 1 community Table 3 waiting bands and the Talking Therapies Waiting Times chart,Continue trying to infer these structurally different workbooks with one generic row-based percentage reader,Matches each published definition and preserves long official histories without silently selecting the wrong field,Recheck the labelled table and month contracts when upstream workbook layouts change
D046,implemented_stage7,optional_provider_scope,Publish UCR community waits and Talking Therapies as national-only outlooks until matching provider denominators and stable longitudinal identifiers are available,Manufacture provider denominators or join provider names across releases,Prevents low-volume or organisational-name artefacts from appearing as sustained provider deviation,Revisit only when official provider-level contracts supply stable codes and matching measure denominators
D047,implemented_stage8,release_qa_gate,Use a final fatal-warning-manual release gate covering source arithmetic forecast vintages benchmark performance and PDF geometry,Treat every anomaly as fatal or rely on informal visual review alone,Stops mechanically invalid releases while preserving judgement for genuine performance shocks and source warnings,Extend the hand-checked reference file when a new source schema or indicator is introduced
D048,implemented_stage8,explicit_publication_mode,Require each publication run to declare forecast or outturn freeze the Monday row set and score that exact snapshot on Thursday,Infer the edition from the calendar or rebuild Monday forecasts after the actual is known,Prevents a fresh post-release model run from being presented as the original forecast and keeps publication folders unambiguous,Run discovery from stage 1 in outturn mode and preserve the forecast snapshot
D049,implemented_stage8,outturn_provider_watch,Publish refreshed provider-watch detail with the Thursday outturn using the new release in the distribution and six-release trajectory screen,Publish only the national outturn overview or include a newly fitted next-month national forecast in the outturn bundle,Preserves a useful provider diagnostic while keeping the Monday forecast and Thursday outturn conceptually distinct,Require every provider-watch data month to match its corresponding outturn month
